{
  "EV_num": 20,
  "BSS_num": 5,
  "EV_location": [
    [
      10.085251858267961,
      13.64528296794806
    ],
    [
      8.659479190108579,
      14.157119493365752
    ],
    [
      9.802548031096455,
      12.346349159345507
    ],
    [
      8.018022890037972,
      14.022435514174745
    ],
    [
      9.474209536386917,
      13.306598601529132
    ],
    [
      8.168011886501045,
      13.52863145092179
    ],
    [
      8.382653840767073,
      14.989305082558984
    ],
    [
      7.239820916838559,
      15.551213578682775
    ],
    [
      9.242030814644275,
      14.90898420774503
    ],
    [
      9.241296043315891,
      13.722762009668829
    ],
    [
      8.217549868532831,
      13.470720434584093
    ],
    [
      8.072552014425465,
      14.936845335581348
    ],
    [
      7.648779342326171,
      14.009736341987184
    ],
    [
      7.653267393931881,
      13.561284227344442
    ],
    [
      7.669193963214662,
      14.39382526992426
    ],
    [
      7.223129745416203,
      14.640905566660253
    ],
    [
      10.000242271161351,
      15.148534029420498
    ],
    [
      8.148604541689865,
      13.518860904758325
    ],
    [
      7.593281800300643,
      16.098944469870908
    ],
    [
      8.39124784882751,
      13.769494222273808
    ]
  ],
  "BSS_location": [
    [
      8.34044009405148,
      14.406489868843162
    ],
    [
      0.0022874963468977327,
      6.046651452636795
    ],
    [
      2.935117816342261,
      1.846771895375956
    ],
    [
      3.725204227553418,
      6.911214540860955
    ],
    [
      7.935349484613399,
      10.776334680067139
    ]
  ],
  "Battery_nums": [
    7,
    8,
    9,
    5,
    7
  ],
  "Inital_battery_Soc": [
    [
      0.5671821220562006,
      0.9237168684686163,
      0.8818873094883071,
      0.6275345128697108,
      0.7477175435459704,
      0.724745532394369,
      0.8257964863613815
    ],
    [
      0.8943616755677566,
      0.5469297933871174,
      0.5141737382610032,
      0.9178825519599348,
      0.7163835339525266,
      0.8811400412289709,
      0.5010530266755553,
      0.7226935970274007
    ],
    [
      0.8607700161703913,
      0.6143811106352264,
      0.9726353477769611,
      0.9507137288057418,
      0.5152949915167768,
      0.5127229304967305,
      0.7707062363967483,
      0.9695745813892553,
      0.6906021188441063
    ],
    [
      0.6082996985653066,
      0.7110582877913587,
      0.514520393787434,
      0.6108458331365175,
      0.7189437968252861
    ],
    [
      0.7479061206909253,
      0.6165422251287863,
      0.6154332707704921,
      0.6093905186688443,
      0.7298017328688668,
      0.6448908072952428,
      0.5107448526329544
    ]
  ],
  "EV_SoC": [
    [
      0.3675155951325146,
      0.23718125317894356,
      0.22417799196116128,
      0.34223835393905594,
      0.36600713865486545,
      0.3175161212287119,
      0.3010567641159201,
      0.24854799470861355,
      0.23460148031581018,
      0.3348971661004655,
      0.3016852976499964,
      0.2786510189928452,
      0.2086974580713055,
      0.31863674607601156,
      0.30044771168669665,
      0.30792348968995575,
      0.30275433263752743,
      0.2918263463821337,
      0.3914232562920454,
      0.3640971823850964
    ],
    [
      0.1906737455620613,
      0.1575313145044558,
      0.09958697685011379,
      0.22090807964234221,
      0.20378125368083616,
      0.1992391435462109,
      0.1594599593203725,
      0.14891374047012212,
      0.12111682737765134,
      0.1534613819319165,
      0.17884332988658566,
      0.1383682058212824,
      0.1184971706719373,
      0.14801735646666958,
      0.1985034633787049,
      0.1909423068532573,
      0.19703932037723204,
      0.1234697308131846,
      0.13121931411070367,
      0.2289175569503506
    ],
    [
      0.628458872586489,
      0.6719893057590579,
      0.6442968815166537,
      0.584421399992283,
      0.5606737021865835,
      0.6692394836856626,
      0.5069051660302684,
      0.5828627998601549,
      0.6406081524131263,
      0.5877923260089126,
      0.604187683522629,
      0.5059149927933814,
      0.6966375434619347,
      0.5340698393711363,
      0.6541046279661601,
      0.5464352256126029,
      0.6155589615602406,
      0.6095992618932498,
      0.6567310465230779,
      0.6481006823666392
    ]
  ],
  "l_n_k": [
    [
      1.9036291756848427,
      12.625583995572317,
      13.795987835132042,
      9.262714690934244,
      3.585100346542672
    ],
    [
      0.40493398101255323,
      11.862826807393844,
      13.576191333389529,
      8.766425040279092,
      3.457465803765971
    ],
    [
      2.5262500593764288,
      11.650377579498473,
      12.546024090387567,
      8.15320771399283,
      2.4395441945437604
    ],
    [
      0.5014485026238106,
      11.307747136275845,
      13.194040645167881,
      8.306488776870381,
      3.2471534483542035
    ],
    [
      1.5796182919576711,
      11.934158526570101,
      13.194216485196009,
      8.599534831864124,
      2.9614735810397868
    ],
    [
      0.8946322644944515,
      11.075155958752681,
      12.800352457061503,
      7.970492234232637,
      2.7621131961071157
    ],
    [
      0.584342000672883,
      12.255675991615103,
      14.226799615992816,
      9.32455809674084,
      4.236649714020071
    ],
    [
      1.5880034461920467,
      11.94648865653006,
      14.36461592367091,
      9.32749236644896,
      4.825269783653116
    ],
    [
      1.0321658723710359,
      12.802882427417872,
      14.505121235672494,
      9.71595055754009,
      4.334305967149477
    ],
    [
      1.130939974859939,
      12.011742263915952,
      13.446450276007356,
      8.764955666730135,
      3.2228761103726327
    ],
    [
      0.9438042390355964,
      11.072819699271095,
      12.767939067373764,
      7.950363949393469,
      2.7091237791633245
    ],
    [
      0.5941724869974992,
      12.00686123298269,
      14.062121205906505,
      9.127441176648883,
      4.162772327287922
    ],
    [
      0.7973756683959432,
      11.03990754062859,
      13.044397613959402,
      8.11069993541423,
      3.246075900800508
    ],
    [
      1.089302022494644,
      10.724140950768964,
      12.628964114778015,
      7.723542391554913,
      2.7991988651689814
    ],
    [
      0.6713655935696855,
      11.333876896618746,
      13.410444636482053,
      8.458399278687104,
      3.6272685218047833
    ],
    [
      1.1416361655757759,
      11.225050848987427,
      13.49358746599921,
      8.484315310196683,
      3.929652032229471
    ],
    [
      1.8181234290843926,
      13.520479507798303,
      15.061635350544904,
      10.355169472554746,
      4.8352775898001665
    ],
    [
      0.9081222698690995,
      11.0542478486607,
      12.783509130059725,
      7.95156970726086,
      2.7508049390110485
    ],
    [
      1.8500400245564017,
      12.596499094073398,
      14.994095997913082,
      9.968771506921767,
      5.333590280023955
    ],
    [
      0.6390186864980473,
      11.402497807060799,
      13.111851990306175,
      8.295056555811602,
      3.027680195066173
    ]
  ]
}