{"best_solution": [[13, 0], [9, 0], [10, 0], [6, 0], [2, 0], [4, 0], [2, 1], [4, 1], [11, 0], [7, 0], [9, 1], [11, 1], [14, 0], [5, 0], [13, 1], [11, 2], [5, 1], [9, 3], [2, 2], [7, 1], [2, 4], [2, 5], [4, 3], [5, 2], [13, 2], [4, 4], [11, 3], [13, 3], [11, 4], [0, 1], [5, 4], [4, 2], [13, 4], [7, 2], [13, 7], [3, 1], [11, 5], [9, 2], [9, 6], [10, 1], [5, 5], [2, 3], [13, 8], [7, 4], [10, 2], [1, 0], [8, 0], [4, 6], [-1, -1], [12, 0], [13, 9], [4, 5], [0, 3], [8, 2], [13, 10], [-1, -1], [-1, -1], [11, 7], [9, 12], [12, 1], [10, 3], [9, 8], [11, 6], [10, 4], [-1, -1], [-1, -1], [14, 1], [14, 2], [1, 1], [-1, -1], [-1, -1], [-1, -1], [-1, -1], [-1, -1], [7, 3], [9, 4], [13, 11], [1, 2], [1, 4], [12, 2], [-1, -1], [-1, -1], [3, 0], [6, 1], [-1, -1], [9, 9], [0, 7], [-1, -1], [0, 9], [-1, -1], [0, 4], [3, 2], [8, 3], [11, 9], [-1, -1], [0, 0], [9, 13], [-1, -1], [9, 5], [3, 3], [-1, -1], [6, 2], [11, 10], [9, 7], [6, 3], [13, 12], [3, 4], [-1, -1], [5, 3], [-1, -1], [-1, -1], [8, 4], [-1, -1], [8, 5], [6, 4], [12, 4], [-1, -1], [-1, -1], [12, 3], [11, 11]], "best_fit": [23.70441994594495, 17.604960887137587, 16.11543155115685, 19.71124319692511, 20.29915491996158, 22.043585336673235, 22.188143602068013, 20.705325865154215, 14.191803313047362, 15.892578975054585, 31.370016553962362, 23.517674654244466, 22.705076390970742, 28.435736422140792, 20.000774156696334, 34.93177101246819, 31.889453704228835, 36.97588994593365, 27.94263498538625, 28.054287256105056, 29.45956158214185, 28.88587832258815, 22.696826906302498, 29.923217031537913, 22.289895247004008, 30.461926067232092, 23.769476725814997, 23.306056376915528, 30.24549363105181, 28.597542550773937, 29.233386280625563, 12.468035487765441, 33.22384832105153, 17.6639523133381, 25.974167453855234, 30.69405124371027, 29.427695277504437, 15.705237043347203, 33.747204761251325, 23.472923384954978, 24.15789734727066, 19.208606184506724, 20.19065096872979, 24.44288976254292, 24.450679779315703, 28.98769491884239, 25.79868526679952, 22.302363026351937, 0, 14.816391975505525, 30.43567254619391, 10.679307319199818, 18.191135362032526, 15.923372497557956, 24.402074169115416, 0, 0, 14.397054173458923, 31.943357817936473, 27.425223162357696, 28.229934844005367, 19.369847611987993, 15.45560715653309, 28.64667724944871, 0, 0, 16.667654600727385, 16.680446946073296, 14.745802718376755, 0, 0, 0, 0, 0, 12.514693158559183, 19.588772668474, 25.072314804755425, 25.500679212935783, 22.935897195913025, 23.455005118044397, 0, 0, 18.48563745489525, 20.701368198560047, 0, 22.126581537758437, 27.117214462668418, 0, 29.39058804584284, 0, 18.638478919031005, 23.292074913777594, 19.952435268541745, 30.632258914738347, 0, 13.849057830861128, 22.029356738990675, 0, 15.939957945701495, 23.34747890617452, 0, 8.976618491450056, 33.35302583616649, 15.298577617976068, 24.404613511251007, 23.796406020623152, 22.927292498288026, 0, 14.434802000499076, 0, 0, 15.145216950763047, 0, 23.770868422376314, 20.754822464904553, 15.44491998126097, 0, 0, 9.629615596793855, 27.807643512758737], "best_sum_fit": 0, "iter_fit": [], "iter_sum_fit": []}