{"best_solution": [[4, 2], [4, 6], [4, 7], [3, 2], [1, 3], [4, 9], [3, 1], [4, 11], [0, 0], [3, 3], [0, 1], [1, 5], [-1, -1], [-1, -1], [3, 4], [1, 1], [-1, -1], [-1, -1], [-1, -1], [1, 7]], "best_fit": [33.91882439348718, 27.019206766266663, 25.35222873372308, 30.57055063753026, 27.827820311584613, 23.608015535497437, 15.635915160607178, 32.23334031582051, 21.940264278749332, 26.66459876746667, 27.574075686405333, 28.392357278141542, 0, 0, 21.519058326408203, 27.12986221163077, 0, 0, 0, 31.62558965544], "best_sum_fit": 0, "iter_fit": [], "iter_sum_fit": []}