{
  "EV_num": 20,
  "BSS_num": 5,
  "EV_location": [
    [
      13.755117479910776,
      13.523458818607164
    ],
    [
      8.532228950687454,
      15.660647296187673
    ],
    [
      15.767498162636615,
      0.7233128276195888
    ],
    [
      17.947945020768415,
      15.197294669993706
    ],
    [
      4.204296414714282,
      13.364997773766705
    ],
    [
      2.937475763973567,
      13.662717498853706
    ],
    [
      7.923398861714597,
      14.594169047135434
    ],
    [
      0.8679637906257343,
      11.088948529674077
    ],
    [
      3.644676711789676,
      4.387475551708344
    ],
    [
      13.002836932299642,
      1.6228815449961087
    ],
    [
      12.889629326008967,
      15.825711651086355
    ],
    [
      4.700385410629231,
      0.14906802558086074
    ],
    [
      8.743805397679083,
      10.873381121364156
    ],
    [
      19.13331111452528,
      10.076678538636234
    ],
    [
      12.483412892896117,
      9.984828311715754
    ],
    [
      4.560936052050457,
      3.3619727530592147
    ],
    [
      18.80271936384299,
      2.7580934511815958
    ],
    [
      8.137664054729756,
      19.65128093897924
    ],
    [
      5.2892422753789,
      16.623207643870103
    ],
    [
      13.40435796091362,
      0.7490335286332939
    ]
  ],
  "BSS_location": [
    [
      5.588148193753575,
      13.854455157144754
    ],
    [
      3.773584761086042,
      17.400478688244053
    ],
    [
      0.7233929255424831,
      11.362354596900436
    ],
    [
      19.24746337168877,
      8.674738933843116
    ],
    [
      11.695469965379889,
      11.372793047257206
    ]
  ],
  "Battery_nums": [
    14,
    14,
    13,
    7,
    14
  ],
  "Inital_battery_Soc": [
    [
      0.6163794737449285,
      0.8513130180779317,
      0.5798235072756008,
      0.7601885049416841,
      0.6442144951234714,
      0.635811464914354,
      0.5680294426019248,
      0.954728378683817,
      0.574451059158577,
      0.870171078677962,
      0.5295590778078445,
      0.9575601550185935,
      0.5586672174658251,
      0.9459850229074664
    ],
    [
      0.6208290958695499,
      0.9041162279640196,
      0.9037909598412753,
      0.8905613364193028,
      0.579528586824525,
      0.9052787975714252,
      0.5433278299826062,
      0.992657411461163,
      0.6644445996837227,
      0.6954412548489748,
      0.8335178925670319,
      0.6235978035324331,
      0.9125434098875742,
      0.7873635590709887
    ],
    [
      0.5733449944009394,
      0.85037915434229,
      0.7331964705615233,
      0.6897971791597108,
      0.7950693169016261,
      0.5083663663388736,
      0.711171080211076,
      0.8545746932353582,
      0.7708049211104566,
      0.6138407946511912,
      0.8399826425434045,
      0.9783884013761008,
      0.5316969437232111
    ],
    [
      0.6990012086653491,
      0.6760495674767726,
      0.7358607106787232,
      0.5018108752341952,
      0.8148393091345572,
      0.8383616569484796,
      0.8584967442652283
    ],
    [
      0.5328384384082259,
      0.9726819784487154,
      0.7014422523312447,
      0.6674916304615186,
      0.7916162680295151,
      0.5952663215854614,
      0.8226832045502408,
      0.7876985006885617,
      0.90038426509892,
      0.7835030631772696,
      0.8498804063847443,
      0.9109703294915097,
      0.8595357800896972,
      0.6461683722714786
    ]
  ],
  "EV_SoC": [
    [
      0.3537567539964969,
      0.3191159819189067,
      0.3051986201367468,
      0.3684092368064019,
      0.23708150180189652,
      0.3501165987975002,
      0.23065246532933636,
      0.21466943105381453,
      0.2541079746367817,
      0.23327592884165257,
      0.22830323804680303,
      0.3601153523165506,
      0.3422750144354656,
      0.3624537273224754,
      0.2763329243509969,
      0.38659737551257767,
      0.2641910564744845,
      0.21936210702406342,
      0.34448729259438227,
      0.3188173987892543
    ],
    [
      0.16576561665282985,
      0.20168933065729489,
      0.16572055780736417,
      0.21496032266059162,
      0.1025394176838465,
      0.13404043649662672,
      0.15091687274508903,
      0.131801265665878,
      0.10897529687514115,
      0.13362894197787326,
      0.101118327647609,
      0.19214013489280019,
      0.21608795283195298,
      0.20360646931427395,
      0.10301139851423026,
      0.24242595018586802,
      0.16644541414532293,
      0.10041182116286507,
      0.16563328465224147,
      0.14369950485607907
    ],
    [
      0.5454604677621636,
      0.529133714586482,
      0.5698096877602067,
      0.6272776678037716,
      0.5216538975044848,
      0.6642339066454425,
      0.536792592111047,
      0.5289473349766844,
      0.5195672464673277,
      0.5665213106306451,
      0.6501187738141257,
      0.547919967509757,
      0.6493753057009005,
      0.5332440824823793,
      0.6689514384891485,
      0.6749864584184784,
      0.6578657335643847,
      0.536738972875356,
      0.6444101690803811,
      0.6268733504145886
    ]
  ],
  "l_n_k": [
    [
      8.173673953441032,
      10.708047370390549,
      13.209701598370952,
      7.326387098416032,
      2.977836655051713
    ],
    [
      3.4539747460699237,
      5.0667255497028965,
      8.913654704796897,
      12.791370698407853,
      5.328394483998298
    ],
    [
      16.614634051559687,
      20.54219608091288,
      18.425914147017664,
      8.679593019200063,
      11.401440373378563
    ],
    [
      12.43252973301711,
      14.344563729494762,
      17.646301602470945,
      6.650750429505661,
      7.329410411524918
    ],
    [
      1.4678604417632843,
      4.0584010077470305,
      4.015877089102382,
      15.757391918743737,
      7.751552156730853
    ],
    [
      2.657598099713873,
      3.8301353714934376,
      3.1927781470246113,
      17.05566257665848,
      9.052414949939397
    ],
    [
      2.449606564584922,
      5.009623825354033,
      7.892066277069739,
      12.777875014735764,
      4.96042173042758
    ],
    [
      5.470664283806453,
      6.948240508683982,
      0.30927594899555966,
      18.537378801300324,
      10.831226046690253
    ],
    [
      9.66440811694932,
      13.013641608583725,
      7.561933393970783,
      16.181087072941633,
      10.658796016702576
    ],
    [
      14.30346119367382,
      18.278721707342577,
      15.672972929340972,
      9.419344563193018,
      9.837173511131954
    ],
    [
      7.562901486175026,
      9.251062627124478,
      12.959122823138411,
      9.568618738102296,
      4.610260369101271
    ],
    [
      13.734109333522062,
      17.276288064738996,
      11.89765796100108,
      16.861332736208414,
      13.225097779990698
    ],
    [
      4.341079911207829,
      8.204029243242909,
      8.035304056660353,
      10.73130273097002,
      2.9936158724767266
    ],
    [
      14.062113451739691,
      17.016440352903757,
      18.454756857022893,
      1.4065793235018784,
      7.549926740000742
    ],
    [
      7.906875944018982,
      11.439098591784866,
      11.840424329344405,
      6.889754208799457,
      1.596026366990689
    ],
    [
      10.5426444398029,
      14.060567945413986,
      8.873153154041288,
      15.617924612513779,
      10.727293039084099
    ],
    [
      17.255553723915206,
      20.982715085001054,
      20.02237134623066,
      5.933337256554164,
      11.168081444123668
    ],
    [
      6.332710341576513,
      4.910325737985659,
      11.12104834453604,
      15.617685976277688,
      9.01062398900572
    ],
    [
      2.784840225360732,
      1.7033402411305198,
      6.965885088573573,
      16.062692520488213,
      8.282910518197163
    ],
    [
      15.259266403903696,
      19.235966789585643,
      16.53630727600417,
      9.846760229212551,
      10.760323623889361
    ]
  ]
}