{
  "EV_num": 20,
  "BSS_num": 5,
  "EV_location": [
    [
      15.691924451027038,
      0.5235875129029994
    ],
    [
      15.430704296268953,
      0.24043877659508872
    ],
    [
      15.859439055288517,
      1.618076361000242
    ],
    [
      14.461347194818156,
      1.443313065170734
    ],
    [
      15.65504299545958,
      0.8601766000183779
    ],
    [
      14.289810653503874,
      0.5501758656366655
    ],
    [
      16.910949867171503,
      -0.664765898597246
    ],
    [
      13.448684584677013,
      -1.3283333087108773
    ],
    [
      15.69248302933547,
      2.800006317899127
    ],
    [
      16.550104118744343,
      2.087661200495858
    ],
    [
      15.525562081170163,
      1.8130353642816053
    ],
    [
      15.155164877369138,
      1.0282431720476692
    ],
    [
      15.15909567666135,
      -0.13427002691744894
    ],
    [
      15.55912116109487,
      -0.06110302773930709
    ],
    [
      16.734885946198396,
      0.6100522664211228
    ],
    [
      15.826622853587267,
      0.07740665010249903
    ],
    [
      16.682885129090074,
      -0.3169305148131779
    ],
    [
      16.08664441656123,
      0.06416709574815871
    ],
    [
      14.486979505572368,
      -0.07429822969662159
    ],
    [
      14.621821723064965,
      0.20234134847751825
    ]
  ],
  "BSS_location": [
    [
      15.42641286533492,
      0.41503898718803
    ],
    [
      12.672964698525508,
      14.976077650772236
    ],
    [
      9.970140246051809,
      4.495932910616953
    ],
    [
      3.9612572951924796,
      15.210614243979174
    ],
    [
      3.382216731250709,
      1.7667962834802053
    ]
  ],
  "Battery_nums": [
    4,
    5,
    2,
    6,
    6
  ],
  "Inital_battery_Soc": [
    [
      0.7857012973449568,
      0.7144445273375573,
      0.7890456505672352,
      0.6030491160697509
    ],
    [
      0.90666062567866,
      0.9117944362667227,
      0.8267362669505879,
      0.5801147782594098,
      0.7603346798199623
    ],
    [
      0.6638864058110465,
      0.6249983383432002
    ],
    [
      0.9764084545729559,
      0.9982784962697275,
      0.5222781912252166,
      0.9300805186431456,
      0.8015953054840925,
      0.6908029929595589
    ],
    [
      0.6418091089533575,
      0.837482423567478,
      0.7284155755291528,
      0.8429307427372974,
      0.8309231600261755,
      0.5664890723561065
    ]
  ],
  "EV_SoC": [
    [
      0.35356756278879814,
      0.3226653641093418,
      0.2267945054098268,
      0.2732291203320853,
      0.30979643680248115,
      0.31690924514038604,
      0.24485979373720831,
      0.29932069972330966,
      0.30669674713055445,
      0.31344709537262483,
      0.22258314037888727,
      0.2332727491586495,
      0.28664630051029716,
      0.2549406783931154,
      0.22389650086615542,
      0.32974496624324545,
      0.29602667804486954,
      0.2010017149818697,
      0.26388464755210683,
      0.3165697934601188
    ],
    [
      0.23363900696436984,
      0.11231557910943821,
      0.14673621671352285,
      0.17288083003770344,
      0.14829242460333597,
      0.19480072181188401,
      0.1153183692128342,
      0.18138663435535474,
      0.18965367673780775,
      0.14357703505244818,
      0.1317330642624635,
      0.14054292420697803,
      0.13511367968105817,
      0.13743450618843323,
      0.10864464701585724,
      0.20016131395646747,
      0.13297234746926673,
      0.114743383463569,
      0.09499187885430177,
      0.14673927365584669
    ],
    [
      0.6938776320809837,
      0.5008110288316815,
      0.5605721124058145,
      0.5628727609912901,
      0.5129988352253702,
      0.5312837836774813,
      0.5073849738117258,
      0.6315781877518218,
      0.5299376269942803,
      0.6202609094227278,
      0.5193211666368706,
      0.6895387848446981,
      0.549096375228151,
      0.5356920821441451,
      0.5329875613159264,
      0.6555022778750799,
      0.5869421097988868,
      0.566331444527099,
      0.5896111852002032,
      0.6739091090794805
    ]
  ],
  "l_n_k": [
    [
      0.2868434844503824,
      14.764436635795883,
      6.965510925053757,
      18.796736581660173,
      12.372326870623853
    ],
    [
      0.17465294133956355,
      14.991470265425034,
      6.92293218739129,
      18.85880081115367,
      12.144785705940793
    ],
    [
      1.2785971234031122,
      13.732800780753303,
      6.554837815281833,
      18.064435094862485,
      12.478108612238069
    ],
    [
      1.4102125115957345,
      13.650422311502165,
      5.430416906413284,
      17.314458398928956,
      11.083851912637416
    ],
    [
      0.5004190551499011,
      14.427454849824315,
      6.748099230174478,
      18.51160945398801,
      12.306267661720002
    ],
    [
      1.1446076025678256,
      14.516226546747868,
      5.850517164065812,
      17.93341763079931,
      10.975234412707911
    ],
    [
      1.8357093182711979,
      16.204829688260112,
      8.649141598797684,
      20.4871235750673,
      13.745512537125363
    ],
    [
      2.636428666628761,
      16.32285385824072,
      6.783977278071084,
      19.066936374884353,
      10.531552698273988
    ],
    [
      2.3997630092845617,
      12.544887566387821,
      5.968364427318936,
      17.077612430322326,
      12.353549259422792
    ],
    [
      2.015030297896193,
      13.45895570538701,
      7.006832179787705,
      18.184910253512935,
      13.171796101697193
    ],
    [
      1.401507915556493,
      13.468592876147516,
      6.169331488114576,
      17.69825598811094,
      12.14343338352065
    ],
    [
      0.670518339275563,
      14.166982895936211,
      6.237736171909334,
      18.067739653323315,
      11.796091248782371
    ],
    [
      0.6109000510213385,
      15.313505613709381,
      6.954425763756808,
      18.996237988209874,
      11.92933069419175
    ],
    [
      0.49429010726755906,
      15.311652487064606,
      7.211330266475534,
      19.176438529594304,
      12.313334941660408
    ],
    [
      1.3229255392582016,
      14.929229369465693,
      7.801400692733808,
      19.39953605049134,
      13.402680026204225
    ],
    [
      0.5236063690815668,
      15.228787126530626,
      7.336331702371504,
      19.230207276930425,
      12.55855409953756
    ],
    [
      1.4541326973305773,
      15.80998294155061,
      8.259818291984363,
      20.073476554411243,
      13.462900772092498
    ],
    [
      0.747674250885568,
      15.297656213236293,
      7.553288787389161,
      19.402058500509956,
      12.818011895851928
    ],
    [
      1.0592383816984599,
      15.159302881847305,
      6.425640012655404,
      18.558539203773943,
      11.256348665549138
    ],
    [
      0.8322302516325017,
      14.901722317632872,
      6.330329301549979,
      18.409125161904623,
      11.347961914620184
    ]
  ]
}