{
  "EV_num": 15,
  "BSS_num": 3,
  "EV_location": [
    [
      13.755117479910776,
      13.523458818607164
    ],
    [
      8.532228950687454,
      15.660647296187673
    ],
    [
      15.767498162636615,
      0.7233128276195888
    ],
    [
      17.947945020768415,
      15.197294669993706
    ],
    [
      4.204296414714282,
      13.364997773766705
    ],
    [
      2.937475763973567,
      13.662717498853706
    ],
    [
      7.923398861714597,
      14.594169047135434
    ],
    [
      0.8679637906257343,
      11.088948529674077
    ],
    [
      3.644676711789676,
      4.387475551708344
    ],
    [
      13.002836932299642,
      1.6228815449961087
    ],
    [
      12.889629326008967,
      15.825711651086355
    ],
    [
      4.700385410629231,
      0.14906802558086074
    ],
    [
      8.743805397679083,
      10.873381121364156
    ],
    [
      19.13331111452528,
      10.076678538636234
    ],
    [
      12.483412892896117,
      9.984828311715754
    ]
  ],
  "BSS_location": [
    [
      4.560936052050457,
      3.3619727530592147
    ],
    [
      18.80271936384299,
      2.7580934511815958
    ],
    [
      8.137664054729756,
      19.65128093897924
    ]
  ],
  "Battery_nums": [
    7,
    9,
    7
  ],
  "Inital_battery_Soc": [
    [
      0.6163794737449285,
      0.8513130180779317,
      0.5798235072756008,
      0.7601885049416841,
      0.6442144951234714,
      0.635811464914354,
      0.5680294426019248
    ],
    [
      0.954728378683817,
      0.574451059158577,
      0.870171078677962,
      0.5295590778078445,
      0.9575601550185935,
      0.5586672174658251,
      0.9459850229074664,
      0.6208290958695499,
      0.9041162279640196
    ],
    [
      0.9037909598412753,
      0.8905613364193028,
      0.579528586824525,
      0.9052787975714252,
      0.5433278299826062,
      0.992657411461163,
      0.6644445996837227
    ]
  ],
  "EV_SoC": [
    [
      0.2781765019395899,
      0.3650173639550297,
      0.340151661736916,
      0.3180277267606505,
      0.34182987729414327,
      0.3359930570173618,
      0.27960048346613964,
      0.2007243500936781,
      0.3433986977060913,
      0.2805769009324979,
      0.23810652863418458,
      0.36015370603956803,
      0.3643881317966039,
      0.3537567539964969,
      0.3191159819189067
    ],
    [
      0.15457672777223722,
      0.19160091387089506,
      0.16626533189409598,
      0.10778306656554934,
      0.17565610106727275,
      0.2191544732857905,
      0.12601585727572012,
      0.10903872717121041,
      0.12198401722475474,
      0.12485515538218198,
      0.1305908280007364,
      0.18812102126443164,
      0.20880309141281422,
      0.16576561665282985,
      0.20168933065729489
    ],
    [
      0.5494391214129732,
      0.5293379977603758,
      0.5759188716638843,
      0.5844684320844304,
      0.5455363178604764,
      0.5126787774892844,
      0.5943442842714892,
      0.6353446627793918,
      0.6890727913794861,
      0.616646507211806,
      0.6150794002754246,
      0.6399521625538978,
      0.5584673489085914,
      0.5454604677621636,
      0.529133714586482
    ]
  ],
  "l_n_k": [
    [
      13.703604313783172,
      11.889969565681902,
      8.313001078010233
    ],
    [
      12.923953064158065,
      16.491175490243286,
      4.010092059803866
    ],
    [
      11.513017004267228,
      3.654162000551707,
      20.407899091744518
    ],
    [
      17.86859966550275,
      12.468535043848386,
      10.774024610930313
    ],
    [
      10.009380669942539,
      18.044954195290227,
      7.415439098580436
    ],
    [
      10.427893633182855,
      19.251409821212228,
      7.9312578028788066
    ],
    [
      11.724691455856483,
      16.07645172608574,
      5.06164896645015
    ],
    [
      8.564122767455245,
      19.77520173879122,
      11.232189377737168
    ],
    [
      1.3752044097705325,
      15.24536464211284,
      15.91133841524024
    ],
    [
      8.619172158735106,
      5.909935895732749,
      18.673325676954626
    ],
    [
      14.990394223297683,
      14.343196269103133,
      6.1005044312673835
    ],
    [
      3.2159295563585943,
      14.341646927720564,
      19.8028077048865
    ],
    [
      8.597537533389497,
      12.924381770456348,
      8.798802903561333
    ],
    [
      16.044980172885836,
      7.32604795151742,
      14.580029677207246
    ],
    [
      10.326076459360722,
      9.599965157135241,
      10.598388526542772
    ]
  ]
}